Period,Year,Month,Source File,Calendar Days,Observed Days,Missing Full Days,Missing Full Day List,Min Present Hours,Median Present Hours,Median First Hour,Median Last Hour,Raw Hourly Ridership,Imputed Hourly Ridership,Imputed Ridership Added,Workbook Ridership,Canonical Hourly Ridership,Workbook Difference,Workbook Difference Pct,Quality Flag
2018-01,2018,1,C:\Users\Carl Wheezer\Documents\git-test\bart-ridership-dash\data\raw\Hourly_OD\date-hour-soo-dest-2018.csv,31,31,0,,20,23.0,0.0,23.0,9785965.0,9785965.0,0.0,,9785965.0,,,clean_or_minor_difference
2018-02,2018,2,C:\Users\Carl Wheezer\Documents\git-test\bart-ridership-dash\data\raw\Hourly_OD\date-hour-soo-dest-2018.csv,28,28,0,,19,23.0,0.0,23.0,9262187.0,9262187.0,0.0,9189913.0,9262187.0,72274.0,0.007864492297152324,clean_or_minor_difference
2018-03,2018,3,C:\Users\Carl Wheezer\Documents\git-test\bart-ridership-dash\data\raw\Hourly_OD\date-hour-soo-dest-2018.csv,31,31,0,,20,23.0,0.0,23.0,10364615.0,10364615.0,0.0,10278960.0,10364615.0,85655.0,0.008333041475013037,clean_or_minor_difference
2018-04,2018,4,C:\Users\Carl Wheezer\Documents\git-test\bart-ridership-dash\data\raw\Hourly_OD\date-hour-soo-dest-2018.csv,30,30,0,,21,23.0,0.0,23.0,10049472.0,10049472.0,0.0,9950264.0,10049472.0,99208.0,0.009970388725364474,clean_or_minor_difference
2018-05,2018,5,C:\Users\Carl Wheezer\Documents\git-test\bart-ridership-dash\data\raw\Hourly_OD\date-hour-soo-dest-2018.csv,31,31,0,,22,23.0,0.0,23.0,10595609.0,10595609.0,0.0,10486845.0,10595609.0,108764.0,0.010371470160949265,clean_or_minor_difference
2018-06,2018,6,C:\Users\Carl Wheezer\Documents\git-test\bart-ridership-dash\data\raw\Hourly_OD\date-hour-soo-dest-2018.csv,30,30,0,,21,23.0,0.0,23.0,10432529.0,10432529.0,0.0,10331906.0,10432529.0,100623.0,0.009739054923651068,clean_or_minor_difference
2018-07,2018,7,C:\Users\Carl Wheezer\Documents\git-test\bart-ridership-dash\data\raw\Hourly_OD\date-hour-soo-dest-2018.csv,31,31,0,,20,23.0,0.0,23.0,10225339.0,10225339.0,0.0,10122862.0,10225339.0,102477.0,0.010123322831033357,clean_or_minor_difference
2018-08,2018,8,C:\Users\Carl Wheezer\Documents\git-test\bart-ridership-dash\data\raw\Hourly_OD\date-hour-soo-dest-2018.csv,31,31,0,,21,23.0,0.0,23.0,10728463.0,10728463.0,0.0,10639593.0,10728463.0,88870.0,0.008352763117912498,clean_or_minor_difference
2018-09,2018,9,C:\Users\Carl Wheezer\Documents\git-test\bart-ridership-dash\data\raw\Hourly_OD\date-hour-soo-dest-2018.csv,30,30,0,,22,24.0,0.0,23.0,9895337.0,9895337.0,0.0,9800616.0,9895337.0,94721.0,0.00966480066150944,clean_or_minor_difference
2018-10,2018,10,C:\Users\Carl Wheezer\Documents\git-test\bart-ridership-dash\data\raw\Hourly_OD\date-hour-soo-dest-2018.csv,31,31,0,,19,23.0,0.0,23.0,11081974.0,11081974.0,0.0,10978799.0,11081974.0,103175.0,0.009397658159148373,clean_or_minor_difference
2018-11,2018,11,C:\Users\Carl Wheezer\Documents\git-test\bart-ridership-dash\data\raw\Hourly_OD\date-hour-soo-dest-2018.csv,30,30,0,,21,23.0,0.0,23.0,9233313.0,9233313.0,0.0,9147871.0,9233313.0,85442.0,0.009340096728517489,clean_or_minor_difference
2018-12,2018,12,C:\Users\Carl Wheezer\Documents\git-test\bart-ridership-dash\data\raw\Hourly_OD\date-hour-soo-dest-2018.csv,31,31,0,,20,23.0,0.0,23.0,8839457.0,8839457.0,0.0,8768821.0,8839457.0,70636.0,0.0080553588675148,clean_or_minor_difference
2019-01,2019,1,C:\Users\Carl Wheezer\Documents\git-test\bart-ridership-dash\data\raw\Hourly_OD\date-hour-soo-dest-2019.csv,31,31,0,,20,23.0,0.0,23.0,9644792.0,9644792.0,0.0,9540752.0,9644792.0,104040.0,0.010904800795576701,clean_or_minor_difference
2019-02,2019,2,C:\Users\Carl Wheezer\Documents\git-test\bart-ridership-dash\data\raw\Hourly_OD\date-hour-soo-dest-2019.csv,28,28,0,,21,23.0,0.0,23.0,9006216.0,9006216.0,0.0,8926329.0,9006216.0,79887.0,0.008949591707856612,clean_or_minor_difference
2019-03,2019,3,C:\Users\Carl Wheezer\Documents\git-test\bart-ridership-dash\data\raw\Hourly_OD\date-hour-soo-dest-2019.csv,31,31,0,,19,23.0,0.0,23.0,9991747.0,9991747.0,0.0,9900598.0,9991747.0,91149.0,0.009206413592391086,clean_or_minor_difference
2019-04,2019,4,C:\Users\Carl Wheezer\Documents\git-test\bart-ridership-dash\data\raw\Hourly_OD\date-hour-soo-dest-2019.csv,30,30,0,,22,23.0,0.0,23.0,10312623.0,10312623.0,0.0,10217568.0,10312623.0,95055.0,0.009303094434996665,clean_or_minor_difference
2019-05,2019,5,C:\Users\Carl Wheezer\Documents\git-test\bart-ridership-dash\data\raw\Hourly_OD\date-hour-soo-dest-2019.csv,31,31,0,,22,23.0,0.0,23.0,10326834.0,10326834.0,0.0,10228712.0,10326834.0,98122.0,0.009592801126867195,clean_or_minor_difference
2019-06,2019,6,C:\Users\Carl Wheezer\Documents\git-test\bart-ridership-dash\data\raw\Hourly_OD\date-hour-soo-dest-2019.csv,30,30,0,,22,23.0,0.0,23.0,9932642.0,9932642.0,0.0,9831320.0,9932642.0,101322.0,0.010306042321885566,clean_or_minor_difference
2019-07,2019,7,C:\Users\Carl Wheezer\Documents\git-test\bart-ridership-dash\data\raw\Hourly_OD\date-hour-soo-dest-2019.csv,31,31,0,,20,23.0,0.0,23.0,10134097.0,10134097.0,0.0,10037437.0,10134097.0,96660.0,0.009629948362315998,clean_or_minor_difference
2019-08,2019,8,C:\Users\Carl Wheezer\Documents\git-test\bart-ridership-dash\data\raw\Hourly_OD\date-hour-soo-dest-2019.csv,31,31,0,,21,23.0,0.0,23.0,10424866.0,10424866.0,0.0,10329856.0,10424866.0,95010.0,0.009197611273574385,clean_or_minor_difference
2019-09,2019,9,C:\Users\Carl Wheezer\Documents\git-test\bart-ridership-dash\data\raw\Hourly_OD\date-hour-soo-dest-2019.csv,30,30,0,,21,23.0,0.0,23.0,10015058.0,10015058.0,0.0,9919570.0,10015058.0,95488.0,0.009626223717358716,clean_or_minor_difference
2019-10,2019,10,C:\Users\Carl Wheezer\Documents\git-test\bart-ridership-dash\data\raw\Hourly_OD\date-hour-soo-dest-2019.csv,31,31,0,,21,23.0,0.0,23.0,10786560.0,10786560.0,0.0,10680506.0,10786560.0,106054.0,0.009929679361633241,clean_or_minor_difference
2019-11,2019,11,C:\Users\Carl Wheezer\Documents\git-test\bart-ridership-dash\data\raw\Hourly_OD\date-hour-soo-dest-2019.csv,30,30,0,,21,23.0,0.0,23.0,9218525.0,9218525.0,0.0,9127400.0,9218525.0,91125.0,0.009983675526436883,clean_or_minor_difference
2019-12,2019,12,C:\Users\Carl Wheezer\Documents\git-test\bart-ridership-dash\data\raw\Hourly_OD\date-hour-soo-dest-2019.csv,31,31,0,,21,24.0,0.0,23.0,8815645.0,8815645.0,0.0,8741778.0,8815645.0,73867.0,0.00844988284991909,clean_or_minor_difference
2020-01,2020,1,C:\Users\Carl Wheezer\Documents\git-test\bart-ridership-dash\data\raw\Hourly_OD\date-hour-soo-dest-2020.csv,31,30,1,2020-01-21,21,23.0,0.0,23.0,9047397.0,9462432.92857143,415035.9285714291,9358806.0,9462432.92857143,103626.9285714291,0.011072665527144072,missing_full_days_imputed
2020-02,2020,2,C:\Users\Carl Wheezer\Documents\git-test\bart-ridership-dash\data\raw\Hourly_OD\date-hour-soo-dest-2020.csv,29,27,2,"2020-02-19, 2020-02-24",21,23.0,0.0,23.0,8244817.0,8983671.94484127,738854.9448412694,8976810.0,8983671.94484127,6861.944841269404,0.000764407940155735,missing_full_days_imputed
2020-03,2020,3,C:\Users\Carl Wheezer\Documents\git-test\bart-ridership-dash\data\raw\Hourly_OD\date-hour-soo-dest-2020.csv,31,31,0,,20,23.0,0.0,23.0,4147783.0,4147783.0,0.0,4089796.0,4147783.0,57987.0,0.014178457800829186,clean_or_minor_difference
2020-04,2020,4,C:\Users\Carl Wheezer\Documents\git-test\bart-ridership-dash\data\raw\Hourly_OD\date-hour-soo-dest-2020.csv,30,29,1,2020-04-28,18,21.0,1.0,23.0,622953.0,648359.5365079365,25406.536507936544,631371.0,648359.5365079365,16988.536507936544,0.026907375390913653,missing_full_days_imputed
2020-05,2020,5,C:\Users\Carl Wheezer\Documents\git-test\bart-ridership-dash\data\raw\Hourly_OD\date-hour-soo-dest-2020.csv,31,31,0,,17,20.0,3.0,23.0,752902.0,752902.0,0.0,736590.0,752902.0,16312.0,0.022145291138896808,clean_or_minor_difference
2020-06,2020,6,C:\Users\Carl Wheezer\Documents\git-test\bart-ridership-dash\data\raw\Hourly_OD\date-hour-soo-dest-2020.csv,30,30,0,,18,21.0,1.0,23.0,1074640.0,1074640.0,0.0,1049729.0,1074640.0,24911.0,0.02373088673362363,clean_or_minor_difference
2020-07,2020,7,C:\Users\Carl Wheezer\Documents\git-test\bart-ridership-dash\data\raw\Hourly_OD\date-hour-soo-dest-2020.csv,31,31,0,,18,21.0,1.0,23.0,1221838.0,1221838.0,0.0,1193988.0,1221838.0,27850.0,0.023325192547998808,clean_or_minor_difference
2020-08,2020,8,C:\Users\Carl Wheezer\Documents\git-test\bart-ridership-dash\data\raw\Hourly_OD\date-hour-soo-dest-2020.csv,31,31,0,,17,21.0,2.0,23.0,1195699.0,1195699.0,0.0,1169259.0,1195699.0,26440.0,0.022612611919172743,clean_or_minor_difference
2020-09,2020,9,C:\Users\Carl Wheezer\Documents\git-test\bart-ridership-dash\data\raw\Hourly_OD\date-hour-soo-dest-2020.csv,30,30,0,,18,21.5,1.0,23.0,1244202.0,1244202.0,0.0,1216972.0,1244202.0,27230.0,0.022375206660465483,clean_or_minor_difference
2020-10,2020,10,C:\Users\Carl Wheezer\Documents\git-test\bart-ridership-dash\data\raw\Hourly_OD\date-hour-soo-dest-2020.csv,31,31,0,,18,21.0,3.0,23.0,1428414.0,1428414.0,0.0,1400213.0,1428414.0,28201.0,0.020140507194262587,clean_or_minor_difference
2020-11,2020,11,C:\Users\Carl Wheezer\Documents\git-test\bart-ridership-dash\data\raw\Hourly_OD\date-hour-soo-dest-2020.csv,30,30,0,,18,21.0,3.0,23.0,1276647.0,1276647.0,0.0,1251984.0,1276647.0,24663.0,0.019699133535252846,clean_or_minor_difference
2020-12,2020,12,C:\Users\Carl Wheezer\Documents\git-test\bart-ridership-dash\data\raw\Hourly_OD\date-hour-soo-dest-2020.csv,31,31,0,,19,21.0,1.0,23.0,1168987.0,1168987.0,0.0,1144927.0,1168987.0,24060.0,0.021014440221953014,clean_or_minor_difference
2021-01,2021,1,C:\Users\Carl Wheezer\Documents\git-test\bart-ridership-dash\data\raw\Hourly_OD\date-hour-soo-dest-2021.csv,31,31,0,,18,20.0,0.0,23.0,1069678.0,1069678.0,0.0,1047040.0,1069678.0,22638.0,0.021620950488997554,clean_or_minor_difference
2021-02,2021,2,C:\Users\Carl Wheezer\Documents\git-test\bart-ridership-dash\data\raw\Hourly_OD\date-hour-soo-dest-2021.csv,28,28,0,,18,21.0,2.0,23.0,1140865.0,1140865.0,0.0,1116617.0,1140865.0,24248.0,0.021715592723377846,clean_or_minor_difference
2021-03,2021,3,C:\Users\Carl Wheezer\Documents\git-test\bart-ridership-dash\data\raw\Hourly_OD\date-hour-soo-dest-2021.csv,31,31,0,,18,21.0,3.0,23.0,1425588.0,1425588.0,0.0,1397390.0,1425588.0,28198.0,0.020179048082496653,clean_or_minor_difference
2021-04,2021,4,C:\Users\Carl Wheezer\Documents\git-test\bart-ridership-dash\data\raw\Hourly_OD\date-hour-soo-dest-2021.csv,30,30,0,,18,21.0,3.0,23.0,1534665.0,1534665.0,0.0,1507948.0,1534665.0,26717.0,0.017717454448031366,clean_or_minor_difference
2021-05,2021,5,C:\Users\Carl Wheezer\Documents\git-test\bart-ridership-dash\data\raw\Hourly_OD\date-hour-soo-dest-2021.csv,31,31,0,,18,20.0,2.0,23.0,1707831.0,1707831.0,0.0,1679376.0,1707831.0,28455.0,0.01694379340898048,clean_or_minor_difference
2021-06,2021,6,C:\Users\Carl Wheezer\Documents\git-test\bart-ridership-dash\data\raw\Hourly_OD\date-hour-soo-dest-2021.csv,30,30,0,,18,21.0,3.0,23.0,2038091.0,2038091.0,0.0,2006604.0,2038091.0,31487.0,0.015691686052654134,clean_or_minor_difference
2021-07,2021,7,C:\Users\Carl Wheezer\Documents\git-test\bart-ridership-dash\data\raw\Hourly_OD\date-hour-soo-dest-2021.csv,31,31,0,,18,21.0,1.0,23.0,2289408.0,2289408.0,0.0,2251727.0,2289408.0,37681.0,0.016734266631789733,clean_or_minor_difference
2021-08,2021,8,C:\Users\Carl Wheezer\Documents\git-test\bart-ridership-dash\data\raw\Hourly_OD\date-hour-soo-dest-2021.csv,31,31,0,,21,23.0,0.0,23.0,2524267.0,2524267.0,0.0,2487088.0,2524267.0,37179.0,0.014948807601500228,clean_or_minor_difference
2021-09,2021,9,C:\Users\Carl Wheezer\Documents\git-test\bart-ridership-dash\data\raw\Hourly_OD\date-hour-soo-dest-2021.csv,30,30,0,,18,23.0,0.0,23.0,2787280.0,2787280.0,0.0,2751934.0,2787280.0,35346.0,0.012844058033368532,clean_or_minor_difference
2021-10,2021,10,C:\Users\Carl Wheezer\Documents\git-test\bart-ridership-dash\data\raw\Hourly_OD\date-hour-soo-dest-2021.csv,31,31,0,,21,23.0,0.0,23.0,2912064.0,2912064.0,0.0,2874108.0,2912064.0,37956.0,0.013206184318752114,clean_or_minor_difference
2021-11,2021,11,C:\Users\Carl Wheezer\Documents\git-test\bart-ridership-dash\data\raw\Hourly_OD\date-hour-soo-dest-2021.csv,30,30,0,,20,23.0,0.0,23.0,2832666.0,2832666.0,0.0,2797609.0,2832666.0,35057.0,0.012531057771118122,clean_or_minor_difference
2021-12,2021,12,C:\Users\Carl Wheezer\Documents\git-test\bart-ridership-dash\data\raw\Hourly_OD\date-hour-soo-dest-2021.csv,31,31,0,,21,23.0,0.0,23.0,2701999.0,2701999.0,0.0,2665868.0,2701999.0,36131.0,0.013553184178661509,clean_or_minor_difference
2022-01,2022,1,C:\Users\Carl Wheezer\Documents\git-test\bart-ridership-dash\data\raw\Hourly_OD\date-hour-soo-dest-2022.csv,31,31,0,,21,23.0,0.0,23.0,2220863.0,2220863.0,0.0,2186425.0,2220863.0,34438.0,0.015750826120264814,clean_or_minor_difference
2022-02,2022,2,C:\Users\Carl Wheezer\Documents\git-test\bart-ridership-dash\data\raw\Hourly_OD\date-hour-soo-dest-2022.csv,28,28,0,,21,23.0,0.0,23.0,2558265.0,2558265.0,0.0,2522314.0,2558265.0,35951.0,0.014253181800521268,clean_or_minor_difference
2022-03,2022,3,C:\Users\Carl Wheezer\Documents\git-test\bart-ridership-dash\data\raw\Hourly_OD\date-hour-soo-dest-2022.csv,31,31,0,,21,23.0,0.0,23.0,3388485.0,3388485.0,0.0,3344004.0,3388485.0,44481.0,0.013301718538614189,clean_or_minor_difference
2022-04,2022,4,C:\Users\Carl Wheezer\Documents\git-test\bart-ridership-dash\data\raw\Hourly_OD\date-hour-soo-dest-2022.csv,30,30,0,,21,23.0,0.0,23.0,3421101.0,3421101.0,0.0,3375449.0,3421101.0,45652.0,0.01352471922994541,clean_or_minor_difference
2022-05,2022,5,C:\Users\Carl Wheezer\Documents\git-test\bart-ridership-dash\data\raw\Hourly_OD\date-hour-soo-dest-2022.csv,31,31,0,,23,24.0,0.0,23.0,3593434.0,3593434.0,0.0,3543655.0,3593434.0,49779.0,0.014047360705260529,clean_or_minor_difference
2022-06,2022,6,C:\Users\Carl Wheezer\Documents\git-test\bart-ridership-dash\data\raw\Hourly_OD\date-hour-soo-dest-2022.csv,30,30,0,,22,24.0,0.0,23.0,3800420.0,3800420.0,0.0,3749506.0,3800420.0,50914.0,0.013578855454558548,clean_or_minor_difference
2022-07,2022,7,C:\Users\Carl Wheezer\Documents\git-test\bart-ridership-dash\data\raw\Hourly_OD\date-hour-soo-dest-2022.csv,31,31,0,,21,24.0,0.0,23.0,3493579.0,3493579.0,0.0,3442820.0,3493579.0,50759.0,0.014743437066126025,clean_or_minor_difference
2022-08,2022,8,C:\Users\Carl Wheezer\Documents\git-test\bart-ridership-dash\data\raw\Hourly_OD\date-hour-soo-dest-2022.csv,31,31,0,,22,24.0,0.0,23.0,3991651.0,3991651.0,0.0,3916544.0,3991651.0,75107.0,0.019176855921955685,clean_or_minor_difference
2022-09,2022,9,C:\Users\Carl Wheezer\Documents\git-test\bart-ridership-dash\data\raw\Hourly_OD\date-hour-soo-dest-2022.csv,30,30,0,,22,24.0,0.0,23.0,4180197.0,4180197.0,0.0,4067128.0,4180197.0,113069.0,0.027800698674838854,clean_or_minor_difference
2022-10,2022,10,C:\Users\Carl Wheezer\Documents\git-test\bart-ridership-dash\data\raw\Hourly_OD\date-hour-soo-dest-2022.csv,31,31,0,,21,24.0,0.0,23.0,4187488.0,4187488.0,0.0,4058960.0,4187488.0,128528.0,0.03166525415377338,clean_or_minor_difference
2022-11,2022,11,C:\Users\Carl Wheezer\Documents\git-test\bart-ridership-dash\data\raw\Hourly_OD\date-hour-soo-dest-2022.csv,30,30,0,,21,23.5,0.0,23.0,3747639.0,3747639.0,0.0,3623335.0,3747639.0,124304.0,0.03430651595836432,clean_or_minor_difference
2022-12,2022,12,C:\Users\Carl Wheezer\Documents\git-test\bart-ridership-dash\data\raw\Hourly_OD\date-hour-soo-dest-2022.csv,31,31,0,,22,24.0,0.0,23.0,3403625.0,3403625.0,0.0,3302858.0,3403625.0,100767.0,0.030509031874818716,clean_or_minor_difference
2023-01,2023,1,C:\Users\Carl Wheezer\Documents\git-test\bart-ridership-dash\data\raw\Hourly_OD\date-hour-soo-dest-2023.csv,31,31,0,,22,24.0,0.0,23.0,3417241.0,3417241.0,0.0,3310812.0,3417241.0,106429.0,0.03214589049453729,clean_or_minor_difference
2023-02,2023,2,C:\Users\Carl Wheezer\Documents\git-test\bart-ridership-dash\data\raw\Hourly_OD\date-hour-soo-dest-2023.csv,28,28,0,,21,23.0,0.0,23.0,3581426.0,3581426.0,0.0,3456072.0,3581426.0,125354.0,0.03627065639836207,clean_or_minor_difference
2023-03,2023,3,C:\Users\Carl Wheezer\Documents\git-test\bart-ridership-dash\data\raw\Hourly_OD\date-hour-soo-dest-2023.csv,31,31,0,,21,23.0,0.0,23.0,4116038.0,4116038.0,0.0,3979363.0,4116038.0,136675.0,0.03434594933912789,clean_or_minor_difference
2023-04,2023,4,C:\Users\Carl Wheezer\Documents\git-test\bart-ridership-dash\data\raw\Hourly_OD\date-hour-soo-dest-2023.csv,30,30,0,,22,23.0,0.0,23.0,4022389.0,4022389.0,0.0,3885385.0,4022389.0,137004.0,0.03526137049481583,clean_or_minor_difference
2023-05,2023,5,C:\Users\Carl Wheezer\Documents\git-test\bart-ridership-dash\data\raw\Hourly_OD\date-hour-soo-dest-2023.csv,31,31,0,,22,24.0,0.0,23.0,4272173.0,4272173.0,0.0,4133709.0,4272173.0,138464.0,0.03349631045629966,clean_or_minor_difference
2023-06,2023,6,C:\Users\Carl Wheezer\Documents\git-test\bart-ridership-dash\data\raw\Hourly_OD\date-hour-soo-dest-2023.csv,30,30,0,,22,23.5,0.0,23.0,4280834.0,4280834.0,0.0,4159215.0,4280834.0,121619.0,0.029240854343908645,clean_or_minor_difference
2023-07,2023,7,C:\Users\Carl Wheezer\Documents\git-test\bart-ridership-dash\data\raw\Hourly_OD\date-hour-soo-dest-2023.csv,31,31,0,,22,23.0,0.0,23.0,4039121.0,4039121.0,0.0,3916452.0,4039121.0,122669.0,0.03132146136349941,clean_or_minor_difference
2023-08,2023,8,C:\Users\Carl Wheezer\Documents\git-test\bart-ridership-dash\data\raw\Hourly_OD\date-hour-soo-dest-2023.csv,31,31,0,,22,24.0,0.0,23.0,4621427.0,4621427.0,0.0,4477455.0,4621427.0,143972.0,0.03215487369498968,clean_or_minor_difference
2023-09,2023,9,C:\Users\Carl Wheezer\Documents\git-test\bart-ridership-dash\data\raw\Hourly_OD\date-hour-soo-dest-2023.csv,30,30,0,,22,24.0,0.0,23.0,4344388.0,4344388.0,0.0,4202723.0,4344388.0,141665.0,0.03370790794444459,clean_or_minor_difference
2023-10,2023,10,C:\Users\Carl Wheezer\Documents\git-test\bart-ridership-dash\data\raw\Hourly_OD\date-hour-soo-dest-2023.csv,31,31,0,,22,24.0,0.0,23.0,4585775.0,4585775.0,0.0,4432027.0,4585775.0,153748.0,0.03469022187816094,clean_or_minor_difference
2023-11,2023,11,C:\Users\Carl Wheezer\Documents\git-test\bart-ridership-dash\data\raw\Hourly_OD\date-hour-soo-dest-2023.csv,30,30,0,,21,23.0,0.0,23.0,4130697.0,4130697.0,0.0,3980362.0,4130697.0,150335.0,0.037769177778302576,clean_or_minor_difference
2023-12,2023,12,C:\Users\Carl Wheezer\Documents\git-test\bart-ridership-dash\data\raw\Hourly_OD\date-hour-soo-dest-2023.csv,31,31,0,,21,23.0,0.0,23.0,3737183.0,3737183.0,0.0,3625983.0,3737183.0,111200.0,0.03066754587652507,clean_or_minor_difference
2024-01,2024,1,C:\Users\Carl Wheezer\Documents\git-test\bart-ridership-dash\data\raw\Hourly_OD\date-hour-soo-dest-2024.csv,31,31,0,,22,24.0,0.0,23.0,3943966.0,3943966.0,0.0,3844643.0,3943966.0,99323.0,0.025834128162224686,clean_or_minor_difference
2024-02,2024,2,C:\Users\Carl Wheezer\Documents\git-test\bart-ridership-dash\data\raw\Hourly_OD\date-hour-soo-dest-2024.csv,29,29,0,,20,24.0,0.0,23.0,4006371.0,4006371.0,0.0,3917031.0,4006371.0,89340.0,0.022808091128203988,clean_or_minor_difference
2024-03,2024,3,C:\Users\Carl Wheezer\Documents\git-test\bart-ridership-dash\data\raw\Hourly_OD\date-hour-soo-dest-2024.csv,31,31,0,,21,24.0,0.0,23.0,4265088.0,4265088.0,0.0,4169897.0,4265088.0,95191.0,0.022828141798226672,clean_or_minor_difference
2024-04,2024,4,C:\Users\Carl Wheezer\Documents\git-test\bart-ridership-dash\data\raw\Hourly_OD\date-hour-soo-dest-2024.csv,30,30,0,,22,24.0,0.0,23.0,4321804.0,4321804.0,0.0,4223784.0,4321804.0,98020.0,0.02320667912942518,clean_or_minor_difference
2024-05,2024,5,C:\Users\Carl Wheezer\Documents\git-test\bart-ridership-dash\data\raw\Hourly_OD\date-hour-soo-dest-2024.csv,31,31,0,,22,24.0,0.0,23.0,4541261.0,4541261.0,0.0,4441331.0,4541261.0,99930.0,0.022500011820780753,clean_or_minor_difference
2024-06,2024,6,C:\Users\Carl Wheezer\Documents\git-test\bart-ridership-dash\data\raw\Hourly_OD\date-hour-soo-dest-2024.csv,30,30,0,,21,24.0,0.0,23.0,4217355.0,4217355.0,0.0,4120555.0,4217355.0,96800.0,0.023491981055949986,clean_or_minor_difference
2024-07,2024,7,C:\Users\Carl Wheezer\Documents\git-test\bart-ridership-dash\data\raw\Hourly_OD\date-hour-soo-dest-2024.csv,31,31,0,,21,24.0,0.0,23.0,4308866.0,4308866.0,0.0,4207970.0,4308866.0,100896.0,0.02397735725302224,clean_or_minor_difference
2024-08,2024,8,C:\Users\Carl Wheezer\Documents\git-test\bart-ridership-dash\data\raw\Hourly_OD\date-hour-soo-dest-2024.csv,31,31,0,,22,24.0,0.0,23.0,4587637.0,4587637.0,0.0,4482470.0,4587637.0,105167.0,0.02346184135086236,clean_or_minor_difference
2024-09,2024,9,C:\Users\Carl Wheezer\Documents\git-test\bart-ridership-dash\data\raw\Hourly_OD\date-hour-soo-dest-2024.csv,30,30,0,,21,24.0,0.0,23.0,4696485.0,4696485.0,0.0,4592612.0,4696485.0,103873.0,0.02261741248770852,clean_or_minor_difference
2024-10,2024,10,C:\Users\Carl Wheezer\Documents\git-test\bart-ridership-dash\data\raw\Hourly_OD\date-hour-soo-dest-2024.csv,31,31,0,,22,24.0,0.0,23.0,4941039.0,4941039.0,0.0,4831431.0,4941039.0,109608.0,0.022686446313731894,clean_or_minor_difference
2024-11,2024,11,C:\Users\Carl Wheezer\Documents\git-test\bart-ridership-dash\data\raw\Hourly_OD\date-hour-soo-dest-2024.csv,30,30,0,,21,24.0,0.0,23.0,4046665.0,4046665.0,0.0,3950428.0,4046665.0,96237.0,0.02436115782897448,clean_or_minor_difference
2024-12,2024,12,C:\Users\Carl Wheezer\Documents\git-test\bart-ridership-dash\data\raw\Hourly_OD\date-hour-soo-dest-2024.csv,31,31,0,,22,24.0,0.0,23.0,3964739.0,3964739.0,0.0,3874228.0,3964739.0,90511.0,0.023362331798748033,clean_or_minor_difference
2025-01,2025,1,C:\Users\Carl Wheezer\Documents\git-test\bart-ridership-dash\data\raw\Hourly_OD\date-hour-soo-dest-2025.csv,31,31,0,,22,24.0,0.0,23.0,4261168.0,4261168.0,0.0,4151331.0,4261168.0,109837.0,0.026458261217908185,clean_or_minor_difference
2025-02,2025,2,C:\Users\Carl Wheezer\Documents\git-test\bart-ridership-dash\data\raw\Hourly_OD\date-hour-soo-dest-2025.csv,28,28,0,,22,24.0,0.0,23.0,4130031.0,4130031.0,0.0,4030808.0,4130031.0,99223.0,0.024616156363686883,clean_or_minor_difference
2025-03,2025,3,C:\Users\Carl Wheezer\Documents\git-test\bart-ridership-dash\data\raw\Hourly_OD\date-hour-soo-dest-2025.csv,31,31,0,,22,24.0,0.0,23.0,4530847.0,4530847.0,0.0,4514068.0,4530847.0,16779.0,0.003717046353754529,clean_or_minor_difference
2025-04,2025,4,C:\Users\Carl Wheezer\Documents\git-test\bart-ridership-dash\data\raw\Hourly_OD\date-hour-soo-dest-2025.csv,30,30,0,,22,24.0,0.0,23.0,4846643.0,4846643.0,0.0,4736423.0,4846643.0,110220.0,0.023270725608755805,clean_or_minor_difference
2025-05,2025,5,C:\Users\Carl Wheezer\Documents\git-test\bart-ridership-dash\data\raw\Hourly_OD\date-hour-soo-dest-2025.csv,31,31,0,,21,23.0,0.0,23.0,4775431.0,4775431.0,0.0,4670575.0,4775431.0,104856.0,0.02245034069680928,clean_or_minor_difference
2025-06,2025,6,C:\Users\Carl Wheezer\Documents\git-test\bart-ridership-dash\data\raw\Hourly_OD\date-hour-soo-dest-2025.csv,30,30,0,,22,23.0,0.0,23.0,4776461.0,4776461.0,0.0,4671882.0,4776461.0,104579.0,0.022384769135864305,clean_or_minor_difference
2025-07,2025,7,C:\Users\Carl Wheezer\Documents\git-test\bart-ridership-dash\data\raw\Hourly_OD\date-hour-soo-dest-2025.csv,31,31,0,,18,24.0,0.0,23.0,4823002.0,4823002.0,0.0,4713700.0,4823002.0,109302.0,0.023188153679699598,clean_or_minor_difference
2025-08,2025,8,C:\Users\Carl Wheezer\Documents\git-test\bart-ridership-dash\data\raw\Hourly_OD\date-hour-soo-dest-2025.csv,31,31,0,,21,24.0,0.0,23.0,4908797.0,4908797.0,0.0,4923124.0,4908797.0,-14327.0,-0.002910144046747553,clean_or_minor_difference
2025-09,2025,9,C:\Users\Carl Wheezer\Documents\git-test\bart-ridership-dash\data\raw\Hourly_OD\date-hour-soo-dest-2025.csv,30,30,0,,22,23.5,0.0,23.0,4724313.0,4724313.0,0.0,5047121.0,4724313.0,-322808.0,-0.06395883910847391,complete_hours_source_discrepancy
2025-10,2025,10,C:\Users\Carl Wheezer\Documents\git-test\bart-ridership-dash\data\raw\Hourly_OD\date-hour-soo-dest-2025.csv,31,31,0,,22,24.0,0.0,23.0,4930734.0,4930734.0,0.0,5346891.0,4930734.0,-416157.0,-0.07783158474709882,complete_hours_source_discrepancy
2025-11,2025,11,C:\Users\Carl Wheezer\Documents\git-test\bart-ridership-dash\data\raw\Hourly_OD\date-hour-soo-dest-2025.csv,30,30,0,,20,23.5,0.0,23.0,4031002.0,4031002.0,0.0,4409065.0,4031002.0,-378063.0,-0.08574675129534266,complete_hours_source_discrepancy
2025-12,2025,12,C:\Users\Carl Wheezer\Documents\git-test\bart-ridership-dash\data\raw\Hourly_OD\date-hour-soo-dest-2025.csv,31,31,0,,22,24.0,0.0,23.0,3768928.0,3768928.0,0.0,4395799.0,3768928.0,-626871.0,-0.14260683893872309,complete_hours_source_discrepancy
