2018-01-01,0,12TH,12TH,3
2018-01-01,14,SBRN,MLBR,3
2018-01-02,0,COLS,DBRK,1
2018-01-02,11,OAKL,MONT,10
2018-01-02,18,DELN,EMBR,10
2018-01-03,6,RICH,SBRN,3
2018-01-03,13,FRMT,FRMT,2
2018-01-03,19,ROCK,16TH,6
2018-01-04,8,DUBL,EMBR,540
2018-01-04,15,CIVC,WOAK,53
2018-01-04,21,ROCK,EMBR,7
2018-01-05,9,SANL,12TH,36
2018-01-05,16,OAKL,CIVC,4
2018-01-05,23,PLZA,GLEN,1
2018-01-06,13,MONT,GLEN,18
2018-01-06,20,WCRK,EMBR,4
2018-01-07,13,ASHB,FRMT,4
2018-01-07,21,19TH,CONC,2
2018-01-08,9,MLBR,MCAR,2
2018-01-08,16,PITT,BAYF,1
2018-01-09,0,MONT,WOAK,14
2018-01-09,11,LAKE,RICH,1
2018-01-09,18,COLS,SHAY,2
2018-01-10,6,MCAR,MCAR,22
2018-01-10,13,BALB,24TH,39
2018-01-10,19,DUBL,DUBL,5
2018-01-11,7,LAKE,NBRK,1
2018-01-11,14,CAST,DALY,1
2018-01-11,20,DBRK,SFIA,5
2018-01-12,8,FTVL,MLBR,2
2018-01-12,15,BALB,BALB,3
2018-01-12,21,COLS,CIVC,1
2018-01-13,11,DALY,16TH,14
2018-01-13,18,DELN,FTVL,8
2018-01-14,10,DUBL,19TH,1
2018-01-14,18,16TH,PLZA,4
2018-01-15,8,HAYW,PHIL,2
2018-01-15,15,RICH,NBRK,3
2018-01-15,23,DALY,MONT,2
2018-01-16,10,POWL,DALY,6
2018-01-16,17,GLEN,PLZA,11
2018-01-17,5,COLM,DALY,1
2018-01-17,11,WARM,WDUB,1
2018-01-17,18,EMBR,SSAN,159
2018-01-18,6,MLBR,RICH,1
2018-01-18,13,ASHB,NCON,1
2018-01-18,19,DELN,SHAY,1
2018-01-19,7,MONT,WCRK,10
2018-01-19,14,CIVC,HAYW,8
2018-01-19,20,CIVC,POWL,10
2018-01-20,10,CIVC,WOAK,9
2018-01-20,17,COLS,SHAY,1
2018-01-21,8,SSAN,BALB,1
2018-01-21,16,PHIL,POWL,7
2018-01-22,6,12TH,OAKL,3
2018-01-22,12,LAFY,SFIA,3
2018-01-22,18,SSAN,19TH,7
2018-01-23,7,COLS,DUBL,11
2018-01-23,13,PLZA,BAYF,1
2018-01-23,19,SHAY,DBRK,2
2018-01-24,8,12TH,ASHB,5
2018-01-24,14,NCON,OAKL,1
2018-01-24,20,SBRN,DELN,3
2018-01-25,8,SFIA,16TH,7
2018-01-25,15,PITT,LAKE,1
2018-01-25,22,ASHB,LAKE,1
2018-01-26,9,ROCK,FRMT,2
2018-01-26,16,FRMT,COLS,7
2018-01-26,22,SSAN,HAYW,1
2018-01-27,12,PHIL,16TH,8
2018-01-27,19,OAKL,CIVC,1
2018-01-28,11,MCAR,DALY,1
2018-01-28,18,WCRK,NBRK,1
2018-01-29,7,SFIA,SSAN,1
2018-01-29,14,FTVL,ASHB,4
2018-01-29,20,OAKL,PITT,2
2018-01-30,8,POWL,CIVC,7
2018-01-30,15,MCAR,DALY,8
2018-01-30,21,WCRK,FTVL,2
2018-01-31,9,OAKL,19TH,8
2018-01-31,16,FTVL,EMBR,19
2018-01-31,23,24TH,19TH,3
2018-02-01,10,LAKE,ROCK,3
2018-02-01,17,BAYF,RICH,1
2018-02-02,0,EMBR,PHIL,5
2018-02-02,11,DBRK,RICH,12
2018-02-02,17,PLZA,MLBR,1
2018-02-03,1,WDUB,SSAN,1
2018-02-03,14,16TH,GLEN,11
2018-02-03,21,24TH,SHAY,3
2018-02-04,12,SSAN,EMBR,4
2018-02-04,20,GLEN,PHIL,3
2018-02-05,8,RICH,BALB,14
2018-02-05,15,GLEN,MLBR,3
2018-02-05,21,UCTY,SHAY,1
2018-02-06,9,NCON,DBRK,8
2018-02-06,16,FRMT,LAKE,24
2018-02-06,23,16TH,WARM,1
2018-02-07,10,HAYW,DALY,7
2018-02-07,17,BAYF,19TH,3
2018-02-08,0,MCAR,PLZA,1
2018-02-08,11,COLS,LAKE,5
2018-02-08,17,PLZA,DELN,14
2018-02-09,5,DELN,24TH,5
2018-02-09,12,16TH,EMBR,38
2018-02-09,18,DBRK,12TH,43
2018-02-10,7,GLEN,EMBR,14
2018-02-10,14,SFIA,SSAN,3
2018-02-10,22,COLM,EMBR,2
2018-02-11,13,SBRN,MLBR,3
2018-02-11,21,MLBR,DELN,2
2018-02-12,9,POWL,ROCK,2
2018-02-12,16,LAKE,DBRK,23
2018-02-12,23,FRMT,DUBL,1
2018-02-13,10,PITT,BALB,2
2018-02-13,17,DUBL,DUBL,1
2018-02-14,1,POWL,DELN,6
2018-02-14,11,MCAR,HAYW,2
2018-02-14,17,WOAK,HAYW,4
2018-02-15,5,SFIA,DALY,1
2018-02-15,12,CONC,PITT,12
2018-02-15,18,LAKE,MLBR,2
2018-02-16,6,FTVL,16TH,19
2018-02-16,12,WARM,16TH,1
2018-02-16,18,WDUB,WOAK,6
2018-02-17,8,PITT,COLS,1
2018-02-17,15,SANL,ASHB,3
2018-02-17,23,LAKE,16TH,2
2018-02-18,14,SSAN,BALB,1
2018-02-18,23,24TH,CONC,2
2018-02-19,12,POWL,WOAK,17
2018-02-19,19,NBRK,WDUB,2
2018-02-20,8,COLM,COLS,1
2018-02-20,14,POWL,ROCK,21
2018-02-20,20,WCRK,BALB,4
2018-02-21,8,WCRK,CONC,1
2018-02-21,15,PHIL,CONC,4
2018-02-21,22,19TH,PLZA,7
2018-02-22,9,ROCK,CONC,4
2018-02-22,16,LAFY,PHIL,2
2018-02-22,23,24TH,CAST,1
2018-02-23,10,NBRK,CIVC,33
2018-02-23,17,CIVC,ASHB,101
2018-02-24,0,DBRK,PHIL,1
2018-02-24,13,NCON,SFIA,1
2018-02-24,20,RICH,CIVC,3
2018-02-25,12,MONT,24TH,15
2018-02-25,20,12TH,ORIN,1
2018-02-26,8,PHIL,SSAN,6
2018-02-26,15,HAYW,DELN,3
2018-02-26,22,16TH,ASHB,16
2018-02-27,9,SFIA,NBRK,1
2018-02-27,16,PHIL,PLZA,2
2018-02-27,23,PHIL,SFIA,1
2018-02-28,10,SHAY,FTVL,7
2018-02-28,17,HAYW,BALB,6
2018-03-01,4,SBRN,MONT,2
2018-03-01,11,ROCK,CONC,3
2018-03-01,18,COLS,PHIL,8
2018-03-02,6,DALY,COLS,2
2018-03-02,12,RICH,FTVL,4
2018-03-02,18,WARM,SBRN,1
2018-03-03,8,POWL,WDUB,3
2018-03-03,16,16TH,EMBR,32
2018-03-04,0,COLM,SFIA,1
2018-03-04,15,DUBL,24TH,4
2018-03-04,23,MLBR,BALB,1
2018-03-05,10,SSAN,24TH,6
2018-03-05,17,MCAR,CAST,5
2018-03-06,5,DELN,MONT,50
2018-03-06,11,WOAK,MONT,68
2018-03-06,18,FRMT,LAKE,18
2018-03-07,6,FTVL,SHAY,8
2018-03-07,12,UCTY,19TH,1
2018-03-07,19,19TH,NBRK,22
2018-03-08,7,CIVC,WCRK,5
2018-03-08,13,OAKL,DUBL,13
2018-03-08,19,ROCK,WCRK,9
2018-03-09,7,SANL,MCAR,17
2018-03-09,14,DBRK,19TH,29
2018-03-09,20,DBRK,DUBL,4
2018-03-10,10,CIVC,ROCK,10
2018-03-10,17,DBRK,COLM,1
2018-03-11,9,19TH,DELN,1
2018-03-11,16,POWL,WDUB,11
2018-03-12,5,NCON,12TH,8
2018-03-12,12,CIVC,LAFY,1
2018-03-12,18,NBRK,EMBR,12
2018-03-13,6,SHAY,RICH,3
2018-03-13,13,EMBR,FTVL,19
2018-03-13,19,NBRK,POWL,2
2018-03-14,7,SANL,DUBL,15
2018-03-14,14,EMBR,UCTY,16
2018-03-14,20,LAKE,ROCK,1
2018-03-15,8,HAYW,LAKE,25
2018-03-15,15,BAYF,CAST,6
2018-03-15,21,DBRK,DELN,58
2018-03-16,9,FRMT,DUBL,4
2018-03-16,16,24TH,FTVL,24
2018-03-16,22,FTVL,DBRK,3
2018-03-17,12,DBRK,19TH,27
2018-03-17,19,GLEN,FTVL,2
2018-03-18,11,DALY,MONT,36
2018-03-18,18,RICH,POWL,5
2018-03-19,7,ORIN,NBRK,1
2018-03-19,14,COLS,PHIL,1
2018-03-19,20,HAYW,SANL,4
2018-03-20,9,16TH,HAYW,2
2018-03-20,15,WCRK,ORIN,2
2018-03-20,22,MCAR,SFIA,2
2018-03-21,10,CIVC,EMBR,54
2018-03-21,16,WOAK,CAST,2
2018-03-22,0,CIVC,RICH,4
2018-03-22,11,CONC,DELN,2
2018-03-22,17,SHAY,MONT,4
2018-03-23,5,FTVL,SHAY,2
2018-03-23,12,CIVC,FTVL,24
2018-03-23,18,HAYW,SHAY,4
2018-03-24,7,NCON,DALY,1
2018-03-24,15,BALB,24TH,16
2018-03-24,22,PLZA,ROCK,1
2018-03-25,14,19TH,24TH,7
2018-03-25,21,MCAR,19TH,2
2018-03-26,9,MONT,SSAN,2
2018-03-26,16,DUBL,UCTY,6
2018-03-26,23,12TH,MONT,3
2018-03-27,10,GLEN,FTVL,2
2018-03-27,17,ASHB,FRMT,4
2018-03-28,0,CIVC,16TH,3
2018-03-28,11,ASHB,WARM,2
2018-03-28,17,ORIN,SANL,2
2018-03-29,5,19TH,FTVL,1
2018-03-29,11,POWL,OAKL,15
2018-03-29,18,24TH,MLBR,14
2018-03-30,5,NBRK,DUBL,1
2018-03-30,12,DUBL,NCON,1
2018-03-30,18,MONT,DELN,148
2018-03-31,8,24TH,ASHB,3
2018-03-31,15,DBRK,FRMT,5
2018-03-31,22,ROCK,PLZA,1
2018-04-01,14,FRMT,DUBL,1
2018-04-01,22,CIVC,MLBR,4
2018-04-02,10,CAST,SFIA,2
2018-04-02,16,UCTY,SHAY,11
2018-04-03,0,COLS,LAKE,1
2018-04-03,11,CIVC,POWL,16
2018-04-03,17,RICH,MONT,6
2018-04-04,5,GLEN,MCAR,2
2018-04-04,12,BAYF,LAKE,15
2018-04-04,18,MCAR,DBRK,29
2018-04-05,6,NCON,COLS,2
2018-04-05,13,19TH,WDUB,6
2018-04-05,19,CONC,19TH,2
2018-04-06,7,NCON,CAST,1
2018-04-06,14,DALY,COLS,3
2018-04-06,20,LAKE,COLS,5
2018-04-07,10,LAKE,PLZA,1
2018-04-07,17,RICH,GLEN,2
2018-04-08,9,FTVL,POWL,44
2018-04-08,16,UCTY,UCTY,1
2018-04-09,5,PLZA,WCRK,1
2018-04-09,12,COLS,OAKL,3
2018-04-09,18,OAKL,19TH,5
2018-04-10,6,SBRN,ASHB,1
2018-04-10,13,DALY,CONC,7
2018-04-10,19,HAYW,WCRK,2
2018-04-11,7,MONT,EMBR,3
2018-04-11,14,BAYF,HAYW,2
2018-04-11,20,DALY,LAKE,4
2018-04-12,8,EMBR,FTVL,11
2018-04-12,15,16TH,SFIA,16
2018-04-12,21,ASHB,OAKL,1
2018-04-13,8,WARM,CIVC,43
2018-04-13,15,LAKE,BALB,2
2018-04-13,21,MONT,DBRK,39
2018-04-14,11,CIVC,DUBL,8
2018-04-14,18,ASHB,CONC,1
2018-04-15,9,PLZA,DBRK,18
2018-04-15,17,DBRK,COLS,3
2018-04-16,6,GLEN,DBRK,2
2018-04-16,13,12TH,ASHB,22
2018-04-16,19,DALY,COLM,1
2018-04-17,7,HAYW,FTVL,14
2018-04-17,13,WDUB,DALY,3
2018-04-17,20,12TH,PHIL,12
2018-04-18,7,WDUB,LAKE,9
2018-04-18,14,MCAR,BAYF,7
2018-04-18,20,MONT,RICH,17
2018-04-19,8,LAFY,MLBR,3
2018-04-19,15,BALB,ORIN,1
2018-04-19,21,COLM,NBRK,1
2018-04-20,9,12TH,COLM,2
2018-04-20,15,NBRK,NCON,2
2018-04-20,21,PITT,16TH,1
2018-04-21,11,COLS,MCAR,4
2018-04-21,18,BAYF,POWL,12
2018-04-22,9,PHIL,16TH,2
2018-04-22,17,12TH,SBRN,1
2018-04-23,5,SANL,CIVC,18
2018-04-23,12,DBRK,DUBL,1
2018-04-23,18,PHIL,POWL,12
2018-04-24,6,SFIA,COLM,1
2018-04-24,13,DALY,SBRN,10
2018-04-24,19,FTVL,WDUB,1
2018-04-25,7,GLEN,UCTY,2
2018-04-25,14,12TH,19TH,3
2018-04-25,20,16TH,PLZA,9
2018-04-26,8,CAST,POWL,47
2018-04-26,14,SANL,ASHB,2
2018-04-26,20,SHAY,24TH,1
2018-04-27,8,PLZA,MONT,133
2018-04-27,15,DUBL,12TH,1
2018-04-27,21,EMBR,WARM,7
2018-04-28,11,BALB,16TH,28
2018-04-28,18,24TH,ROCK,4
2018-04-29,9,PHIL,FRMT,1
2018-04-29,17,ASHB,FTVL,5
2018-04-30,5,WDUB,19TH,4
2018-04-30,12,FRMT,SFIA,2
2018-04-30,18,POWL,24TH,277
2018-05-01,6,SSAN,WCRK,1
2018-05-01,13,DBRK,COLS,4
2018-05-01,19,GLEN,MLBR,5
2018-05-02,7,HAYW,EMBR,118
2018-05-02,14,12TH,COLM,2
2018-05-02,20,19TH,SBRN,2
2018-05-03,8,19TH,WARM,6
2018-05-03,14,OAKL,DELN,2
2018-05-03,20,OAKL,NBRK,4
2018-05-04,8,HAYW,WOAK,7
2018-05-04,15,16TH,DBRK,7
2018-05-04,21,12TH,FTVL,4
2018-05-05,10,OAKL,SANL,1
2018-05-05,17,MONT,HAYW,10
2018-05-06,9,19TH,MCAR,2
2018-05-06,16,MCAR,12TH,6
2018-05-07,5,BALB,WARM,1
2018-05-07,11,SHAY,PITT,1
2018-05-07,18,DUBL,FRMT,11
2018-05-08,6,FTVL,EMBR,133
2018-05-08,12,SSAN,MONT,13
2018-05-08,19,19TH,SSAN,3
2018-05-09,7,12TH,SFIA,11
2018-05-09,13,EMBR,16TH,26
2018-05-09,19,FTVL,FTVL,1
2018-05-10,7,DELN,COLM,2
2018-05-10,13,PLZA,DALY,9
2018-05-10,19,POWL,SSAN,67
2018-05-11,7,PITT,MLBR,11
2018-05-11,14,BALB,ROCK,5
2018-05-11,20,19TH,SFIA,6
2018-05-12,9,MONT,GLEN,3
2018-05-12,16,LAFY,HAYW,1
2018-05-13,0,19TH,MCAR,2
2018-05-13,15,12TH,DALY,2
2018-05-13,22,PITT,RICH,2
2018-05-14,10,DALY,MCAR,1
2018-05-14,16,WOAK,CAST,2
2018-05-15,0,CIVC,BALB,11
2018-05-15,11,19TH,SANL,4
2018-05-15,17,NBRK,COLS,3
2018-05-16,5,ASHB,12TH,4
2018-05-16,11,RICH,RICH,2
2018-05-16,18,CAST,19TH,2
2018-05-17,6,12TH,GLEN,5
2018-05-17,12,EMBR,EMBR,4
2018-05-17,18,OAKL,DELN,1
2018-05-18,6,GLEN,CAST,1
2018-05-18,12,SFIA,SHAY,1
2018-05-18,18,UCTY,ASHB,3
2018-05-19,8,CIVC,LAFY,3
2018-05-19,15,DELN,WCRK,2
2018-05-19,22,MLBR,PLZA,1
2018-05-20,13,DELN,DUBL,1
2018-05-20,20,MONT,PLZA,7
2018-05-21,8,ROCK,EMBR,314
2018-05-21,15,HAYW,PLZA,2
2018-05-21,21,POWL,GLEN,60
2018-05-22,9,HAYW,FRMT,12
2018-05-22,16,BALB,SANL,11
2018-05-22,22,FTVL,WCRK,2
2018-05-23,9,UCTY,DUBL,4
2018-05-23,16,MCAR,WCRK,22
2018-05-23,23,16TH,PITT,2
2018-05-24,10,DBRK,EMBR,85
2018-05-24,16,UCTY,OAKL,1
2018-05-24,23,POWL,PLZA,21
2018-05-25,11,12TH,MLBR,2
2018-05-25,17,EMBR,RICH,59
2018-05-26,0,HAYW,FTVL,2
2018-05-26,13,PITT,NBRK,1
2018-05-26,20,RICH,POWL,1
2018-05-27,12,DELN,ROCK,1
2018-05-27,19,ROCK,NBRK,1
2018-05-28,11,SBRN,SFIA,2
2018-05-28,19,DALY,24TH,4
2018-05-29,7,PITT,RICH,4
2018-05-29,14,16TH,SSAN,4
2018-05-29,19,SSAN,ASHB,3
2018-05-30,7,PITT,WOAK,5
2018-05-30,14,16TH,DUBL,3
2018-05-30,19,SFIA,BALB,3
2018-05-31,7,NBRK,MCAR,12
2018-05-31,13,UCTY,MONT,4
2018-05-31,19,PHIL,SBRN,1
2018-06-01,7,FRMT,DBRK,12
2018-06-01,13,OAKL,DALY,1
2018-06-01,19,DELN,ANTC,2
2018-06-02,8,DUBL,WDUB,1
2018-06-02,15,DELN,EMBR,27
2018-06-02,22,FTVL,SHAY,1
2018-06-03,13,PITT,BALB,1
2018-06-03,20,UCTY,16TH,1
2018-06-04,8,PITT,MCAR,29
2018-06-04,15,BAYF,CAST,4
2018-06-04,21,ANTC,PHIL,1
2018-06-05,8,PLZA,ASHB,16
2018-06-05,15,BAYF,COLS,13
2018-06-05,20,WDUB,DBRK,1
2018-06-06,8,MCAR,WARM,3
2018-06-06,14,WOAK,SFIA,10
2018-06-06,20,POWL,SBRN,18
2018-06-07,8,DELN,SHAY,5
2018-06-07,14,OAKL,WDUB,6
2018-06-07,20,DUBL,CIVC,5
2018-06-08,8,12TH,MLBR,11
2018-06-08,14,DALY,SFIA,10
2018-06-08,19,WDUB,12TH,2
2018-06-09,9,DALY,EMBR,37
2018-06-09,16,24TH,CIVC,43
2018-06-09,23,EMBR,FRMT,9
2018-06-10,14,GLEN,BAYF,3
2018-06-10,21,PITT,NCON,1
2018-06-11,9,DELN,ASHB,6
2018-06-11,15,UCTY,UCTY,5
2018-06-11,22,12TH,LAKE,1
2018-06-12,9,DUBL,ROCK,1
2018-06-12,15,SBRN,ASHB,1
2018-06-12,21,SANL,EMBR,1
2018-06-13,9,ASHB,GLEN,1
2018-06-13,15,MONT,COLS,30
2018-06-13,21,HAYW,ANTC,1
2018-06-14,8,ROCK,SANL,3
2018-06-14,15,CIVC,DUBL,47
2018-06-14,20,WCRK,BAYF,3
2018-06-15,8,HAYW,FRMT,26
2018-06-15,14,SANL,WARM,1
2018-06-15,20,HAYW,WOAK,2
2018-06-16,9,SFIA,PHIL,2
2018-06-16,16,OAKL,CIVC,3
2018-06-17,0,DELN,WARM,1
2018-06-17,15,16TH,ASHB,3
2018-06-17,22,FTVL,DUBL,2
2018-06-18,9,SANL,CAST,1
2018-06-18,16,PLZA,SANL,1
2018-06-18,23,ASHB,UCTY,1
2018-06-19,10,CIVC,OAKL,9
2018-06-19,16,ORIN,ROCK,6
2018-06-19,22,WCRK,SFIA,2
2018-06-20,9,WOAK,SSAN,1
2018-06-20,16,GLEN,COLM,3
2018-06-20,22,MCAR,MLBR,2
2018-06-21,9,NBRK,FRMT,2
2018-06-21,15,WDUB,12TH,2
2018-06-21,21,SANL,ASHB,1
2018-06-22,9,12TH,12TH,1
2018-06-22,15,DUBL,SFIA,4
2018-06-22,21,BALB,BALB,1
2018-06-23,10,DBRK,ROCK,2
2018-06-23,17,16TH,CONC,5
2018-06-24,0,PLZA,SHAY,1
2018-06-24,15,ASHB,19TH,6
2018-06-24,22,DALY,ROCK,1
2018-06-25,9,PHIL,GLEN,1
2018-06-25,16,BALB,FTVL,10
2018-06-25,22,DALY,WOAK,1
2018-06-26,9,MONT,ANTC,3
2018-06-26,16,16TH,24TH,21
2018-06-26,22,16TH,16TH,3
2018-06-27,9,COLS,POWL,48
2018-06-27,15,NCON,UCTY,2
2018-06-27,21,LAFY,CONC,5
2018-06-28,8,SANL,UCTY,6
2018-06-28,15,CIVC,DELN,72
2018-06-28,20,SSAN,CIVC,1
2018-06-29,8,DELN,SHAY,2
2018-06-29,14,MONT,LAKE,48
2018-06-29,20,CIVC,EMBR,8
2018-06-30,9,FTVL,FRMT,12
2018-06-30,16,BALB,24TH,29
2018-06-30,23,FTVL,CONC,1
2018-07-01,14,MCAR,CONC,5
2018-07-01,21,WARM,FTVL,3
2018-07-02,9,MCAR,ROCK,1
2018-07-02,16,ANTC,PITT,1
2018-07-02,22,EMBR,PCTR,1
2018-07-03,9,SANL,GLEN,2
2018-07-03,16,COLM,19TH,1
2018-07-03,22,COLS,WARM,124
2018-07-04,13,HAYW,19TH,2
2018-07-04,20,PLZA,DELN,1
2018-07-05,8,LAFY,ASHB,2
2018-07-05,14,SFIA,RICH,7
2018-07-05,20,RICH,COLS,2
2018-07-06,8,MONT,DBRK,33
2018-07-06,15,16TH,ASHB,10
2018-07-06,20,ROCK,WOAK,1
2018-07-07,10,DALY,GLEN,4
2018-07-07,17,ASHB,ANTC,3
2018-07-08,8,12TH,EMBR,18
2018-07-08,15,NBRK,ASHB,3
2018-07-08,23,EMBR,COLM,2
2018-07-09,10,GLEN,24TH,18
2018-07-09,16,SSAN,DELN,3
2018-07-09,23,MCAR,12TH,3
2018-07-10,10,GLEN,WCRK,1
2018-07-10,16,SSAN,24TH,5
2018-07-10,23,DBRK,RICH,11
2018-07-11,10,CONC,EMBR,87
2018-07-11,16,PHIL,OAKL,2
2018-07-11,22,WCRK,ROCK,1
2018-07-12,10,12TH,DBRK,19
2018-07-12,16,FRMT,ASHB,4
2018-07-12,22,FTVL,SHAY,3
2018-07-13,9,PLZA,DELN,6
2018-07-13,16,ASHB,CIVC,11
2018-07-13,22,12TH,DBRK,10
2018-07-14,11,FRMT,HAYW,4
2018-07-14,18,ANTC,WOAK,1
2018-07-15,9,DELN,OAKL,1
2018-07-15,16,OAKL,WCRK,4
2018-07-16,4,FTVL,EMBR,10
2018-07-16,11,EMBR,HAYW,1
2018-07-16,17,PHIL,COLM,1
2018-07-17,4,SSAN,16TH,1
2018-07-17,11,FRMT,ANTC,2
2018-07-17,17,OAKL,WCRK,1
2018-07-18,1,NCON,SANL,1
2018-07-18,11,BAYF,FTVL,13
2018-07-18,17,GLEN,DALY,16
2018-07-19,0,DELN,FTVL,1
2018-07-19,10,SBRN,WDUB,1
2018-07-19,17,BALB,PITT,14
2018-07-19,23,MONT,PITT,11
2018-07-20,10,LAFY,ROCK,1
2018-07-20,16,ROCK,SFIA,9
2018-07-20,22,WARM,PHIL,1
2018-07-21,12,CIVC,GLEN,12
2018-07-21,18,SFIA,BAYF,1
2018-07-22,10,24TH,DBRK,5
2018-07-22,17,BALB,SHAY,1
2018-07-23,5,GLEN,16TH,1
2018-07-23,11,RICH,ROCK,2
2018-07-23,18,16TH,FRMT,42
2018-07-24,5,PHIL,GLEN,1
2018-07-24,11,WARM,FRMT,1
2018-07-24,18,ASHB,BAYF,6
2018-07-25,5,MCAR,EMBR,20
2018-07-25,11,SANL,WOAK,1
2018-07-25,17,WOAK,HAYW,3
2018-07-26,5,CIVC,SANL,2
2018-07-26,11,NCON,BALB,6
2018-07-26,17,SBRN,CIVC,14
2018-07-27,4,HAYW,EMBR,7
2018-07-27,11,FRMT,LAKE,1
2018-07-27,17,MONT,24TH,440
2018-07-28,0,FTVL,CONC,1
2018-07-28,13,GLEN,POWL,82
2018-07-28,20,DALY,FRMT,1
2018-07-29,11,ROCK,SFIA,10
2018-07-29,18,WCRK,MCAR,8
2018-07-30,7,FRMT,DELN,3
2018-07-30,13,POWL,COLM,21
2018-07-30,19,PITT,ORIN,1
2018-07-31,7,ORIN,SFIA,20
2018-07-31,13,WOAK,DALY,1
2018-07-31,19,SBRN,BALB,9
2018-08-01,7,NCON,SFIA,3
2018-08-01,13,WCRK,MONT,18
2018-08-01,19,ROCK,BAYF,1
2018-08-02,7,NCON,12TH,40
2018-08-02,13,UCTY,BALB,1
2018-08-02,19,PHIL,ANTC,2
2018-08-03,7,FRMT,DUBL,6
2018-08-03,13,NCON,PHIL,4
2018-08-03,19,DUBL,BALB,8
2018-08-04,8,SSAN,SFIA,2
2018-08-04,16,CIVC,WOAK,67
2018-08-05,0,FTVL,LAKE,1
2018-08-05,15,UCTY,12TH,1
2018-08-06,1,SFIA,DELN,6
2018-08-06,11,DBRK,NBRK,3
2018-08-06,17,PITT,CONC,10
2018-08-07,5,CIVC,FRMT,1
2018-08-07,11,OAKL,MONT,7
2018-08-07,18,12TH,PHIL,95
2018-08-08,5,DALY,16TH,3
2018-08-08,11,ORIN,EMBR,36
2018-08-08,17,SFIA,NBRK,6
2018-08-09,5,24TH,WOAK,2
2018-08-09,11,LAKE,WDUB,4
2018-08-09,17,PITT,RICH,1
2018-08-10,1,DALY,SBRN,1
2018-08-10,11,DALY,SANL,1
2018-08-10,17,GLEN,DBRK,10
2018-08-11,0,24TH,COLM,5
2018-08-11,13,CAST,BAYF,5
2018-08-11,20,16TH,EMBR,16
2018-08-12,11,MLBR,GLEN,3
2018-08-12,18,SSAN,CONC,1
2018-08-13,7,FTVL,12TH,29
2018-08-13,13,PHIL,MONT,17
2018-08-13,19,NCON,CONC,1
2018-08-14,7,NCON,19TH,35
2018-08-14,13,SSAN,SSAN,1
2018-08-14,19,RICH,COLM,3
2018-08-15,7,NBRK,WARM,1
2018-08-15,13,SFIA,DBRK,10
2018-08-15,19,PHIL,PCTR,2
2018-08-16,7,MONT,EMBR,4
2018-08-16,13,SFIA,EMBR,43
2018-08-16,19,ORIN,MCAR,2
2018-08-17,7,FTVL,WOAK,14
2018-08-17,13,OAKL,NCON,1
2018-08-17,19,EMBR,PLZA,54
2018-08-18,8,PCTR,LAFY,2
2018-08-18,15,LAFY,19TH,2
2018-08-18,22,MLBR,MONT,1
2018-08-19,13,PITT,WOAK,1
2018-08-19,20,SFIA,RICH,5
2018-08-20,8,SANL,COLS,6
2018-08-20,15,COLS,DBRK,9
2018-08-20,21,BALB,PITT,6
2018-08-21,8,SFIA,CIVC,11
2018-08-21,15,DALY,PHIL,4
2018-08-21,21,BALB,EMBR,9
2018-08-22,8,PHIL,WCRK,21
2018-08-22,15,19TH,UCTY,12
2018-08-22,20,SFIA,CONC,6
2018-08-23,8,FTVL,SANL,27
2018-08-23,14,RICH,BAYF,2
2018-08-23,20,GLEN,SFIA,6
2018-08-24,8,COLM,COLM,2
2018-08-24,14,HAYW,WARM,3
2018-08-24,20,ANTC,WOAK,1
2018-08-25,9,SSAN,POWL,17
2018-08-25,17,ASHB,ASHB,5
2018-08-26,8,WDUB,LAKE,2
2018-08-26,16,PLZA,PLZA,1
2018-08-27,5,ROCK,LAKE,1
2018-08-27,11,WDUB,SFIA,2
2018-08-27,18,ANTC,SSAN,1
2018-08-28,5,SANL,DELN,1
2018-08-28,11,WOAK,COLS,4
2018-08-28,18,24TH,NBRK,19
2018-08-29,5,MCAR,WDUB,1
2018-08-29,11,RICH,PLZA,4
2018-08-29,17,WARM,PLZA,3
2018-08-30,5,BAYF,CIVC,14
2018-08-30,11,HAYW,19TH,5
2018-08-30,17,MLBR,RICH,5
2018-08-31,0,MONT,OAKL,1
2018-08-31,11,16TH,POWL,57
2018-08-31,17,24TH,SFIA,13
2018-08-31,23,HAYW,SANL,4
2018-09-01,13,DBRK,WCRK,2
2018-09-01,20,OAKL,CIVC,13
2018-09-02,13,12TH,ROCK,1
2018-09-02,20,WOAK,24TH,23
2018-09-03,13,POWL,COLS,49
2018-09-03,21,POWL,ROCK,9
2018-09-04,9,MONT,PLZA,2
2018-09-04,15,WDUB,CONC,1
2018-09-04,21,WDUB,COLS,1
2018-09-05,9,DUBL,24TH,3
2018-09-05,15,POWL,WDUB,21
2018-09-05,21,ORIN,POWL,2
2018-09-06,9,ANTC,SSAN,2
2018-09-06,15,GLEN,LAFY,1
2018-09-06,21,CAST,UCTY,1
2018-09-07,8,RICH,DBRK,83
2018-09-07,15,24TH,DALY,17
2018-09-07,20,PHIL,WCRK,1
2018-09-08,10,CONC,MCAR,1
2018-09-08,16,WCRK,WCRK,1
2018-09-09,0,UCTY,16TH,1
2018-09-09,15,CONC,PITT,8
2018-09-09,22,POWL,FTVL,13
2018-09-10,10,CAST,DUBL,4
2018-09-10,16,MONT,SFIA,39
2018-09-10,22,WARM,LAKE,2
2018-09-11,9,WDUB,BAYF,2
2018-09-11,16,FRMT,24TH,3
2018-09-11,22,LAKE,CIVC,4
2018-09-12,9,SANL,MCAR,12
2018-09-12,16,COLS,FTVL,14
2018-09-12,22,DALY,MCAR,4
2018-09-13,9,MCAR,UCTY,3
2018-09-13,15,WOAK,COLM,2
2018-09-13,21,SFIA,SBRN,4
2018-09-14,9,DELN,MCAR,19
2018-09-14,15,PHIL,SSAN,2
2018-09-14,21,LAFY,19TH,1
2018-09-15,11,19TH,COLS,1
2018-09-15,17,NBRK,NBRK,2
2018-09-16,8,POWL,EMBR,4
2018-09-16,15,UCTY,WDUB,1
2018-09-16,23,OAKL,NBRK,7
2018-09-17,10,ORIN,FRMT,2
2018-09-17,17,24TH,MCAR,40
2018-09-18,0,24TH,BAYF,1
2018-09-18,10,POWL,BALB,40
2018-09-18,17,19TH,SHAY,64
2018-09-18,23,NCON,GLEN,1
2018-09-19,10,LAFY,POWL,20
2018-09-19,16,SFIA,WARM,2
2018-09-19,23,CIVC,NCON,11
2018-09-20,10,COLM,MONT,96
2018-09-20,16,LAKE,POWL,25
2018-09-20,22,MONT,16TH,20
2018-09-21,9,PITT,COLS,1
2018-09-21,15,WOAK,WARM,1
2018-09-21,21,SFIA,16TH,8
2018-09-22,11,PLZA,SFIA,2
2018-09-22,18,SBRN,FRMT,1
2018-09-23,10,SHAY,MCAR,1
2018-09-23,18,GLEN,WCRK,1
2018-09-24,7,DELN,12TH,146
2018-09-24,13,FTVL,DUBL,5
2018-09-24,19,DALY,PCTR,1
2018-09-25,7,DBRK,CONC,1
2018-09-25,13,GLEN,DUBL,1
2018-09-25,19,DALY,WDUB,12
2018-09-26,7,BALB,ROCK,4
2018-09-26,13,COLM,OAKL,1
2018-09-26,19,16TH,WOAK,33
2018-09-27,6,SANL,CONC,1
2018-09-27,12,SANL,WDUB,2
2018-09-27,18,PHIL,ANTC,4
2018-09-28,6,DELN,MCAR,25
2018-09-28,12,GLEN,MCAR,1
2018-09-28,18,DBRK,GLEN,26
2018-09-29,6,WDUB,OAKL,3
2018-09-29,14,BAYF,SFIA,1
2018-09-29,20,SSAN,POWL,6
2018-09-30,12,BAYF,SANL,3
2018-09-30,19,CIVC,CAST,14
2018-10-01,7,ORIN,SSAN,6
2018-10-01,13,SBRN,12TH,2
2018-10-01,19,ORIN,NCON,2
2018-10-02,7,PITT,ASHB,1
2018-10-02,13,WARM,12TH,2
2018-10-02,19,PITT,LAKE,1
2018-10-03,7,NBRK,SBRN,5
2018-10-03,13,ROCK,24TH,1
2018-10-03,19,MCAR,PHIL,17
2018-10-04,7,DALY,WDUB,5
2018-10-04,13,EMBR,DALY,19
2018-10-04,19,ANTC,WOAK,1
2018-10-05,6,UCTY,BALB,2
2018-10-05,12,WDUB,UCTY,1
2018-10-05,18,PITT,POWL,10
2018-10-06,7,PLZA,DBRK,10
2018-10-06,14,PITT,ORIN,1
2018-10-06,21,LAFY,OAKL,1
2018-10-07,12,PHIL,DUBL,1
2018-10-07,19,POWL,PHIL,45
2018-10-08,8,BAYF,MONT,182
2018-10-08,14,HAYW,EMBR,6
2018-10-08,20,DBRK,MLBR,7
2018-10-09,8,CIVC,UCTY,6
2018-10-09,14,HAYW,DALY,2
2018-10-09,20,CIVC,CAST,11
2018-10-10,8,16TH,POWL,157
2018-10-10,14,CONC,COLM,1
2018-10-10,19,WDUB,12TH,1
2018-10-11,7,RICH,WARM,3
2018-10-11,13,WCRK,CIVC,9
2018-10-11,19,PHIL,LAKE,3
2018-10-12,7,FTVL,DBRK,34
2018-10-12,13,LAFY,SFIA,3
2018-10-12,19,CAST,PHIL,1
2018-10-13,8,FTVL,MONT,62
2018-10-13,15,COLM,CIVC,4
2018-10-13,22,BAYF,12TH,2
2018-10-14,13,MCAR,OAKL,2
2018-10-14,20,PHIL,FTVL,3
2018-10-15,8,PCTR,BALB,4
2018-10-15,15,12TH,NCON,16
2018-10-15,20,SFIA,CAST,4
2018-10-16,8,MONT,OAKL,7
2018-10-16,14,WCRK,CONC,16
2018-10-16,20,POWL,BALB,104
2018-10-17,8,DUBL,SFIA,13
2018-10-17,14,OAKL,CONC,2
2018-10-17,20,DUBL,SHAY,2
2018-10-18,8,ASHB,LAFY,1
2018-10-18,14,DUBL,PHIL,1
2018-10-18,20,16TH,12TH,16
2018-10-19,7,ROCK,24TH,7
2018-10-19,13,UCTY,SANL,1
2018-10-19,19,MCAR,WOAK,2
2018-10-20,8,SHAY,19TH,4
2018-10-20,15,NBRK,SFIA,1
2018-10-20,22,POWL,GLEN,59
2018-10-21,13,WARM,MCAR,4
2018-10-21,21,16TH,NBRK,7
2018-10-22,9,16TH,COLM,5
2018-10-22,15,FRMT,CONC,1
2018-10-22,21,DALY,SHAY,2
2018-10-23,8,SFIA,MLBR,8
2018-10-23,15,CONC,MONT,10
2018-10-23,21,ANTC,12TH,1
2018-10-24,8,PLZA,CIVC,111
2018-10-24,15,24TH,DELN,12
2018-10-24,20,SANL,CONC,2
2018-10-25,8,EMBR,DBRK,55
2018-10-25,14,MONT,SHAY,8
2018-10-25,20,COLS,LAKE,6
2018-10-26,7,WARM,NCON,1
2018-10-26,14,24TH,WOAK,11
2018-10-26,19,PCTR,ANTC,1
2018-10-27,9,16TH,CIVC,10
2018-10-27,15,SBRN,COLM,2
2018-10-27,22,SSAN,16TH,3
2018-10-28,14,12TH,BALB,2
2018-10-28,21,CONC,CONC,2
2018-10-29,9,BAYF,SSAN,1
2018-10-29,15,PITT,WCRK,7
2018-10-29,21,ROCK,MONT,3
2018-10-30,9,CONC,ASHB,2
2018-10-30,15,PLZA,LAKE,6
2018-10-30,21,PCTR,CIVC,1
2018-10-31,9,DBRK,PLZA,8
2018-10-31,15,WCRK,19TH,4
2018-10-31,22,16TH,ROCK,8
2018-11-01,9,DALY,WOAK,2
2018-11-01,15,NCON,CONC,8
2018-11-01,21,EMBR,MCAR,45
2018-11-02,8,UCTY,BAYF,4
2018-11-02,15,CAST,OAKL,1
2018-11-02,20,SANL,12TH,2
2018-11-03,10,DELN,POWL,45
2018-11-03,17,24TH,RICH,15
2018-11-04,8,12TH,SANL,2
2018-11-04,15,LAFY,OAKL,2
2018-11-04,23,GLEN,MONT,1
2018-11-05,10,HAYW,DELN,3
2018-11-05,16,SBRN,BALB,7
2018-11-05,23,MONT,GLEN,26
2018-11-06,10,HAYW,WOAK,1
2018-11-06,16,SANL,ANTC,3
2018-11-06,23,FRMT,POWL,1
2018-11-07,10,DELN,SFIA,8
2018-11-07,16,RICH,ANTC,2
2018-11-07,23,COLM,MONT,1
2018-11-08,10,CIVC,WCRK,5
2018-11-08,16,MLBR,FTVL,2
2018-11-08,22,NCON,POWL,3
2018-11-09,9,RICH,POWL,40
2018-11-09,16,19TH,DUBL,37
2018-11-09,22,16TH,EMBR,3
2018-11-10,11,PHIL,SBRN,2
2018-11-10,18,DUBL,UCTY,2
2018-11-11,10,CAST,COLS,52
2018-11-11,17,EMBR,CONC,13
2018-11-12,6,DUBL,POWL,45
2018-11-12,12,WOAK,EMBR,49
2018-11-12,19,BALB,WARM,2
2018-11-13,7,GLEN,FRMT,4
2018-11-13,13,NBRK,FTVL,2
2018-11-13,19,FRMT,UCTY,8
2018-11-14,7,DUBL,UCTY,3
2018-11-14,13,LAKE,HAYW,4
2018-11-14,19,DELN,DUBL,1
2018-11-15,7,DUBL,EMBR,386
2018-11-15,13,MCAR,PCTR,1
2018-11-15,19,EMBR,MLBR,129
2018-11-16,7,ROCK,16TH,13
2018-11-16,14,DBRK,FRMT,5
2018-11-16,20,GLEN,SFIA,6
2018-11-17,10,PITT,DELN,3
2018-11-17,17,POWL,HAYW,23
2018-11-18,9,NBRK,ROCK,1
2018-11-18,17,CIVC,CAST,7
2018-11-19,6,HAYW,COLS,3
2018-11-19,12,SBRN,GLEN,3
2018-11-19,18,WCRK,ORIN,3
2018-11-20,7,FRMT,16TH,11
2018-11-20,13,SBRN,PHIL,1
2018-11-20,19,ROCK,WARM,1
2018-11-21,8,ASHB,12TH,37
2018-11-21,14,MONT,FRMT,40
2018-11-21,20,MONT,SSAN,10
2018-11-22,12,SANL,12TH,3
2018-11-22,21,BAYF,12TH,1
2018-11-23,11,DALY,WARM,1
2018-11-23,18,FRMT,LAKE,2
2018-11-24,9,EMBR,WCRK,3
2018-11-24,16,MONT,WCRK,16
2018-11-25,8,16TH,WOAK,1
2018-11-25,16,12TH,BALB,4
2018-11-26,1,16TH,SSAN,1
2018-11-26,11,BAYF,GLEN,1
2018-11-26,17,GLEN,ROCK,4
2018-11-27,4,FRMT,SHAY,1
2018-11-27,11,DELN,SHAY,1
2018-11-27,17,PCTR,NBRK,1
2018-11-28,5,DBRK,LAKE,1
2018-11-28,11,PHIL,SBRN,1
2018-11-28,17,SSAN,GLEN,1
2018-11-29,5,NCON,CIVC,11
2018-11-29,11,WCRK,FTVL,2
2018-11-29,18,24TH,DELN,34
2018-11-30,5,POWL,BALB,7
2018-11-30,12,12TH,PITT,3
2018-11-30,17,WOAK,NCON,1
2018-12-01,6,RICH,MCAR,2
2018-12-01,14,GLEN,ROCK,4
2018-12-01,21,MLBR,DALY,2
2018-12-02,13,ASHB,SFIA,3
2018-12-02,20,EMBR,ANTC,4
2018-12-03,8,ORIN,MLBR,1
2018-12-03,15,19TH,LAFY,10
2018-12-03,21,12TH,NBRK,6
2018-12-04,8,SBRN,BAYF,1
2018-12-04,15,DELN,16TH,3
2018-12-04,21,DUBL,16TH,1
2018-12-05,9,BAYF,12TH,39
2018-12-05,15,NCON,SANL,1
2018-12-05,21,PCTR,CONC,2
2018-12-06,9,COLM,LAKE,1
2018-12-06,15,OAKL,GLEN,1
2018-12-06,21,LAKE,24TH,5
2018-12-07,9,19TH,PLZA,3
2018-12-07,15,GLEN,COLM,2
2018-12-07,21,COLM,LAKE,2
2018-12-08,10,SFIA,ASHB,1
2018-12-08,17,NBRK,PLZA,3
2018-12-09,9,24TH,POWL,40
2018-12-09,16,EMBR,12TH,13
2018-12-10,5,12TH,DBRK,1
2018-12-10,11,HAYW,UCTY,8
2018-12-10,17,RICH,MONT,6
2018-12-11,5,LAFY,ROCK,1
2018-12-11,11,RICH,MCAR,2
2018-12-11,17,WOAK,SANL,4
2018-12-12,5,MONT,OAKL,1
2018-12-12,11,ROCK,WOAK,1
2018-12-12,17,WARM,HAYW,23
2018-12-13,5,CONC,DBRK,1
2018-12-13,11,MLBR,LAKE,1
2018-12-13,17,PITT,FRMT,1
2018-12-14,4,BALB,MONT,12
2018-12-14,11,EMBR,OAKL,6
2018-12-14,17,HAYW,BAYF,8
2018-12-15,0,FRMT,COLS,2
2018-12-15,13,DBRK,CAST,5
2018-12-15,19,WOAK,CIVC,108
2018-12-16,11,ORIN,ORIN,1
2018-12-16,19,19TH,EMBR,9
2018-12-17,7,RICH,ORIN,1
2018-12-17,14,24TH,24TH,2
2018-12-17,19,WCRK,ORIN,1
2018-12-18,7,WCRK,SBRN,3
2018-12-18,14,DALY,ASHB,1
2018-12-18,20,24TH,CIVC,23
2018-12-19,8,12TH,CONC,4
2018-12-19,14,DALY,WDUB,1
2018-12-19,20,24TH,DUBL,6
2018-12-20,8,16TH,CONC,1
2018-12-20,14,COLS,PLZA,3
2018-12-20,20,12TH,24TH,7
2018-12-21,7,WCRK,PITT,1
2018-12-21,14,COLM,WCRK,2
2018-12-21,20,12TH,ROCK,1
2018-12-22,9,SFIA,WCRK,10
2018-12-22,16,ORIN,WCRK,1
2018-12-23,0,WOAK,MCAR,1
2018-12-23,15,MONT,DALY,23
2018-12-24,0,DBRK,FTVL,1
2018-12-24,12,WARM,SSAN,2
2018-12-24,20,CIVC,DALY,3
2018-12-25,14,DUBL,CAST,2
2018-12-26,0,SFIA,PCTR,4
2018-12-26,12,COLM,SFIA,7
2018-12-26,18,PITT,EMBR,4
2018-12-27,7,GLEN,MLBR,3
2018-12-27,14,BAYF,WDUB,3
2018-12-27,20,EMBR,SBRN,16
2018-12-28,8,SSAN,SANL,1
2018-12-28,15,MONT,NCON,17
2018-12-28,22,BALB,CIVC,7
2018-12-29,12,GLEN,WDUB,1
2018-12-29,19,MONT,12TH,12
2018-12-30,11,WARM,HAYW,3
2018-12-30,19,MONT,24TH,13
2018-12-31,9,CIVC,COLS,5
2018-12-31,16,CONC,WCRK,7
2018-12-31,23,WOAK,WCRK,2
